"가공식품품목명","대표식품명","식품대분류명","식품소분류명"
"강냉이","강냉이/팝콘","과자류·빵류 또는 떡류","과자"
"캐러멜팝콘","강냉이/팝콘","과자류·빵류 또는 떡류","과자"
"튀밥","강냉이/팝콘","과자류·빵류 또는 떡류","과자"
"팝콘","강냉이/팝콘","과자류·빵류 또는 떡류","과자"
"도넛/완제품","도넛","과자류·빵류 또는 떡류","빵류"
"딸기도넛","도넛","과자류·빵류 또는 떡류","빵류"
"찹쌀도넛/완제품","도넛","과자류·빵류 또는 떡류","빵류"
"초코도넛","도넛","과자류·빵류 또는 떡류","빵류"
"꽈배기/완제품","도넛","과자류·빵류 또는 떡류","빵류"
"찹쌀꽈배기/완제품","도넛","과자류·빵류 또는 떡류","빵류"
"가래떡","떡","과자류·빵류 또는 떡류","떡류"
"감자옹심이","떡","과자류·빵류 또는 떡류","떡류"
"감자뇨끼","떡","과자류·빵류 또는 떡류","떡류"
"찹쌀경단","떡","과자류·빵류 또는 떡류","떡류"
"카스텔라경단","떡","과자류·빵류 또는 떡류","떡류"
"깨송편","떡","과자류·빵류 또는 떡류","떡류"
"콩송편","떡","과자류·빵류 또는 떡류","떡류"
"꿀떡","떡","과자류·빵류 또는 떡류","떡류"
"단호박부꾸미","떡","과자류·빵류 또는 떡류","떡류"
"떡볶이떡","떡","과자류·빵류 또는 떡류","떡류"
"고구마떡볶이떡","떡","과자류·빵류 또는 떡류","떡류"
"떡케이크","떡","과자류·빵류 또는 떡류","떡류"
"찰떡","떡","과자류·빵류 또는 떡류","떡류"
"무지개떡","떡","과자류·빵류 또는 떡류","떡류"
"백설기","떡","과자류·빵류 또는 떡류","떡류"
"과일잼설기","떡","과자류·빵류 또는 떡류","떡류"
"새알","떡","과자류·빵류 또는 떡류","떡류"
"수리취떡","떡","과자류·빵류 또는 떡류","떡류"
"수수부꾸미","떡","과자류·빵류 또는 떡류","떡류"
"시루떡","떡","과자류·빵류 또는 떡류","떡류"
"찰시루떡","떡","과자류·빵류 또는 떡류","떡류"
"콩시루떡","떡","과자류·빵류 또는 떡류","떡류"
"쑥개떡","떡","과자류·빵류 또는 떡류","떡류"
"쑥바람떡","떡","과자류·빵류 또는 떡류","떡류"
"약식","떡","과자류·빵류 또는 떡류","떡류"
"인절미","떡","과자류·빵류 또는 떡류","떡류"
"절편","떡","과자류·빵류 또는 떡류","떡류"
"조랭이떡","떡","과자류·빵류 또는 떡류","떡류"
"증편","떡","과자류·빵류 또는 떡류","떡류"
"찹쌀떡","떡","과자류·빵류 또는 떡류","떡류"
"호박떡","떡","과자류·빵류 또는 떡류","떡류"
"라즈베리마카롱","마카롱","과자류·빵류 또는 떡류","과자"
"레몬마카롱","마카롱","과자류·빵류 또는 떡류","과자"
"바닐라마카롱","마카롱","과자류·빵류 또는 떡류","과자"
"초콜릿마카롱","마카롱","과자류·빵류 또는 떡류","과자"
"커피마카롱","마카롱","과자류·빵류 또는 떡류","과자"
"머핀/완제품","머핀","과자류·빵류 또는 떡류","빵류"
"블루베리머핀","머핀","과자류·빵류 또는 떡류","빵류"
"잉글리쉬머핀","머핀","과자류·빵류 또는 떡류","빵류"
"초코머핀/완제품","머핀","과자류·빵류 또는 떡류","빵류"
"치즈머핀","머핀","과자류·빵류 또는 떡류","빵류"
"바게트","바게트/치아바타","과자류·빵류 또는 떡류","빵류"
"마늘빵/완제품","바게트/치아바타","과자류·빵류 또는 떡류","빵류"
"마늘빵/생지","바게트/치아바타","과자류·빵류 또는 떡류","빵류"
"베이글","베이글","과자류·빵류 또는 떡류","빵류"
"블루베리베이글","베이글","과자류·빵류 또는 떡류","빵류"
"어니언베이글","베이글","과자류·빵류 또는 떡류","빵류"
"쿠키/완제품","비스킷/쿠키/크래커","과자류·빵류 또는 떡류","과자"
"쿠키/생지","비스킷/쿠키/크래커","과자류·빵류 또는 떡류","과자"
"땅콩쿠키/완제품","비스킷/쿠키/크래커","과자류·빵류 또는 떡류","과자"
"땅콩쿠키/생지","비스킷/쿠키/크래커","과자류·빵류 또는 떡류","과자"
"버터쿠키","비스킷/쿠키/크래커","과자류·빵류 또는 떡류","과자"
"초코칩쿠키/완제품","비스킷/쿠키/크래커","과자류·빵류 또는 떡류","과자"
"초코칩쿠키/생지","비스킷/쿠키/크래커","과자류·빵류 또는 떡류","과자"
"크래커","비스킷/쿠키/크래커","과자류·빵류 또는 떡류","과자"
"땅콩샌드크래커","비스킷/쿠키/크래커","과자류·빵류 또는 떡류","과자"
"또띠아","빵","과자류·빵류 또는 떡류","과자"
"통밀또띠아","빵","과자류·빵류 또는 떡류","과자"
"마들렌","빵","과자류·빵류 또는 떡류","과자"
"아이스슈","빵","과자류·빵류 또는 떡류","과자"
"초코아이스슈","빵","과자류·빵류 또는 떡류","과자"
"추로스/완제품","빵","과자류·빵류 또는 떡류","과자"
"쌀추로스","빵","과자류·빵류 또는 떡류","과자"
"건포도빵","빵","과자류·빵류 또는 떡류","빵류"
"꽃빵","빵","과자류·빵류 또는 떡류","빵류"
"단팥붕어빵","빵","과자류·빵류 또는 떡류","빵류"
"단팥빵","빵","과자류·빵류 또는 떡류","빵류"
"롤빵","빵","과자류·빵류 또는 떡류","빵류"
"하드롤빵","빵","과자류·빵류 또는 떡류","빵류"
"모닝빵","빵","과자류·빵류 또는 떡류","빵류"
"모카빵","빵","과자류·빵류 또는 떡류","빵류"
"바나나빵","빵","과자류·빵류 또는 떡류","빵류"
"번","빵","과자류·빵류 또는 떡류","빵류"
"소보루빵","빵","과자류·빵류 또는 떡류","빵류"
"슈","빵","과자류·빵류 또는 떡류","빵류"
"초코슈","빵","과자류·빵류 또는 떡류","빵류"
"슈크림빵","빵","과자류·빵류 또는 떡류","빵류"
"옥수수빵","빵","과자류·빵류 또는 떡류","빵류"
"와플","빵","과자류·빵류 또는 떡류","빵류"
"생크림와플","빵","과자류·빵류 또는 떡류","빵류"
"초코와플","빵","과자류·빵류 또는 떡류","빵류"
"잼빵","빵","과자류·빵류 또는 떡류","빵류"
"치즈볼","빵","과자류·빵류 또는 떡류","빵류"
"핫도그빵","빵","과자류·빵류 또는 떡류","빵류"
"햄버거빵","빵","과자류·빵류 또는 떡류","빵류"
"호밀빵","빵","과자류·빵류 또는 떡류","빵류"
"감자스낵","스낵과자","과자류·빵류 또는 떡류","과자"
"감자칩","스낵과자","과자류·빵류 또는 떡류","과자"
"옥수수스낵","스낵과자","과자류·빵류 또는 떡류","과자"
"식빵","식빵","과자류·빵류 또는 떡류","빵류"
"옥수수식빵","식빵","과자류·빵류 또는 떡류","빵류"
"우유식빵","식빵","과자류·빵류 또는 떡류","빵류"
"통밀식빵","식빵","과자류·빵류 또는 떡류","빵류"
"양갱","양갱","과자류·빵류 또는 떡류","캔디류"
"감귤웨하스","웨이퍼","과자류·빵류 또는 떡류","과자"
"딸기웨하스","웨이퍼","과자류·빵류 또는 떡류","과자"
"바닐라웨하스","웨이퍼","과자류·빵류 또는 떡류","과자"
"건빵","일반과자","과자류·빵류 또는 떡류","과자"
"고구마스틱","일반과자","과자류·빵류 또는 떡류","과자"
"초코막대과자","일반과자","과자류·빵류 또는 떡류","과자"
"쌀과자","일반과자","과자류·빵류 또는 떡류","과자"
"크림치즈롤과자","일반과자","과자류·빵류 또는 떡류","과자"
"호두과자","일반과자","과자류·빵류 또는 떡류","과자"
"약과","전통과자","과자류·빵류 또는 떡류","과자"
"유과","전통과자","과자류·빵류 또는 떡류","과자"
"과일젤리","젤리","과자류·빵류 또는 떡류","캔디류"
"카스텔라","카스텔라","과자류·빵류 또는 떡류","빵류"
"고구마케이크","케이크","과자류·빵류 또는 떡류","빵류"
"당근케이크","케이크","과자류·빵류 또는 떡류","빵류"
"딸기케이크","케이크","과자류·빵류 또는 떡류","빵류"
"라즈베리케이크","케이크","과자류·빵류 또는 떡류","빵류"
"롤케이크","케이크","과자류·빵류 또는 떡류","빵류"
"모카케이크","케이크","과자류·빵류 또는 떡류","빵류"
"블루베리생크림케이크","케이크","과자류·빵류 또는 떡류","빵류"
"과일케이크","케이크","과자류·빵류 또는 떡류","빵류"
"쌀케이크","케이크","과자류·빵류 또는 떡류","빵류"
"초콜릿케이크","케이크","과자류·빵류 또는 떡류","빵류"
"치즈케이크","케이크","과자류·빵류 또는 떡류","빵류"
"블루베리치즈케이크","케이크","과자류·빵류 또는 떡류","빵류"
"컵케이크","케이크","과자류·빵류 또는 떡류","빵류"
"티라미수케이크","케이크","과자류·빵류 또는 떡류","빵류"
"파운드케이크","케이크","과자류·빵류 또는 떡류","빵류"
"핫케이크/완제품","케이크","과자류·빵류 또는 떡류","빵류"
"크로와상/완제품","크로와상","과자류·빵류 또는 떡류","빵류"
"크로와상/생지","크로와상","과자류·빵류 또는 떡류","빵류"
"초코타르트","타르트","과자류·빵류 또는 떡류","빵류"
"파이","파이/만쥬","과자류·빵류 또는 떡류","과자"
"딸기파이/완제품","파이/만쥬","과자류·빵류 또는 떡류","과자"
"블루베리파이/완제품","파이/만쥬","과자류·빵류 또는 떡류","과자"
"사과파이/완제품","파이/만쥬","과자류·빵류 또는 떡류","과자"
"사과파이/생지","파이/만쥬","과자류·빵류 또는 떡류","과자"
"페이스트리/완제품","파이/만쥬","과자류·빵류 또는 떡류","빵류"
"페이스트리/생지","파이/만쥬","과자류·빵류 또는 떡류","빵류"
"치즈페이스트리","파이/만쥬","과자류·빵류 또는 떡류","빵류"
"푸딩","푸딩","과자류·빵류 또는 떡류","캔디류"
"딸기푸딩","푸딩","과자류·빵류 또는 떡류","캔디류"
"망고푸딩","푸딩","과자류·빵류 또는 떡류","캔디류"
"사과푸딩","푸딩","과자류·빵류 또는 떡류","캔디류"
"파인애플푸딩","푸딩","과자류·빵류 또는 떡류","캔디류"
"포도푸딩","푸딩","과자류·빵류 또는 떡류","캔디류"
"크림치즈프레즐","프레즐","과자류·빵류 또는 떡류","과자"
"피자도우","피자","과자류·빵류 또는 떡류","빵류"
"베이컨감자피자","피자","과자류·빵류 또는 떡류","빵류"
"치즈피자","피자","과자류·빵류 또는 떡류","빵류"
"치킨피자","피자","과자류·빵류 또는 떡류","빵류"
"콤비네이션피자","피자","과자류·빵류 또는 떡류","빵류"
"페퍼로니피자","피자","과자류·빵류 또는 떡류","빵류"
"핫도그","핫도그","과자류·빵류 또는 떡류","빵류"
"시리얼핫도그","핫도그","과자류·빵류 또는 떡류","빵류"
"치즈핫도그","핫도그","과자류·빵류 또는 떡류","빵류"
"호떡","호떡","과자류·빵류 또는 떡류","빵류"
"찹쌀호떡 ","호떡","과자류·빵류 또는 떡류","빵류"
"단호박찐빵","호빵","과자류·빵류 또는 떡류","빵류"
"쌀찐빵","호빵","과자류·빵류 또는 떡류","빵류"
"채소호빵","호빵","과자류·빵류 또는 떡류","빵류"
"팥호빵","호빵","과자류·빵류 또는 떡류","빵류"
"피자호빵","호빵","과자류·빵류 또는 떡류","빵류"
"샤베트","샤베트","빙과류","아이스크림"
"망고샤베트","샤베트","빙과류","아이스크림"
"아이스크림","아이스크림","빙과류","아이스크림"
"구슬아이스크림","아이스크림","빙과류","아이스크림"
"딸기아이스크림","아이스크림","빙과류","아이스크림"
"망고아이스크림","아이스크림","빙과류","아이스크림"
"바닐라아이스크림","아이스크림","빙과류","아이스크림"
"초코아이스크림","아이스크림","빙과류","아이스크림"
"쿠키아이스크림","아이스크림","빙과류","아이스크림"
"딸기쉐이크","아이스크림","빙과류","아이스크림"
"바닐라쉐이크","아이스크림","빙과류","아이스크림"
"초코파이","초코파이","코코아가공품류 또는 초콜릿류","초콜릿가공품"
"다크초콜릿","초콜릿","코코아가공품류 또는 초콜릿류","기타 코코아가공품"
"밀크초콜릿","초콜릿","코코아가공품류 또는 초콜릿류","기타 코코아가공품"
"화이트초콜릿","초콜릿","코코아가공품류 또는 초콜릿류","기타 코코아가공품"
"아몬드초콜릿","초콜릿","코코아가공품류 또는 초콜릿류","기타 코코아가공품"
"초콜릿바","초콜릿과자","코코아가공품류 또는 초콜릿류","초콜릿가공품"
"엿","당류가공품","당류","기타엿"
"올리고당","당류가공품","당류","해당없음"
"요거트분말","당류가공품","당류","해당없음"
"원당","당류가공품","당류","해당없음"
"캐러멜소스","당류가공품","당류","해당없음"
"물엿","물엿","당류","물엿"
"쌀조청","물엿","당류","물엿"
"딸기시럽","시럽","당류","해당없음"
"메이플시럽","시럽","당류","해당없음"
"아가베시럽","시럽","당류","해당없음"
"초코시럽","시럽","당류","해당없음"
"감귤잼","잼","잼류","잼"
"딸기잼","잼","잼류","잼"
"블루베리잼","잼","잼류","잼"
"사과잼","잼","잼류","잼"
"포도잼","잼","잼류","잼"
"두부","두부","두부류 또는 묵류","두부"
"두부/칼슘강화","두부","두부류 또는 묵류","두부"
"건두부","두부","두부류 또는 묵류","두부"
"검은깨두부","두부","두부류 또는 묵류","두부"
"비지","두부","두부류 또는 묵류","두부"
"순두부","두부","두부류 또는 묵류","두부"
"연두부","두부","두부류 또는 묵류","두부"
"도토리묵","묵","두부류 또는 묵류","묵류"
"도토리묵/칼슘강화","묵","두부류 또는 묵류","묵류"
"메밀묵","묵","두부류 또는 묵류","묵류"
"묵/건조","묵","두부류 또는 묵류","묵류"
"밤묵","묵","두부류 또는 묵류","묵류"
"우무묵","묵","두부류 또는 묵류","묵류"
"청포묵","묵","두부류 또는 묵류","묵류"
"클로렐라묵","묵","두부류 또는 묵류","묵류"
"유부","유부","두부류 또는 묵류","가공두부"
"고추씨유","고추씨기름","식용유지류","고추씨기름"
"마가린","마가린","식용유지류","마가린"
"밀면","국수","면류","생면"
"치자국수/건면","국수","면류","건면"
"칡냉면/건면","기타 건면","면류","건면"
"함흥냉면/건면","기타 건면","면류","건면"
"컵라면","기타 라면","면류","건면"
"납작당면","당면","면류","건면"
"양장피","당면","면류","건면"
"봉지라면","라면","면류","건면"
"쫄면","쫄면","면류","숙면"
"수제비","칼국수","면류","생면"
"쌀수제비","칼국수","면류","생면"
"찹쌀수제비","칼국수","면류","생면"
"매실음료","과·채음료","음료류","과·채음료"
"배음료","과·채음료","음료류","과·채음료"
"자두음료","과·채음료","음료류","과·채음료"
"코코넛밀크","과·채음료","음료류","과·채음료"
"파인애플음료","과·채음료","음료류","과·채음료"
"포도음료","과·채음료","음료류","과·채음료"
"과채주스","과·채주스","음료류","과·채주스"
"감귤주스","과·채주스","음료류","과·채주스"
"당근주스","과·채주스","음료류","과·채주스"
"딸기넥타","과·채주스","음료류","과·채주스"
"딸기주스","과·채주스","음료류","과·채주스"
"딸기바나나주스","과·채주스","음료류","과·채주스"
"레몬주스","과·채주스","음료류","과·채주스"
"망고주스","과·채주스","음료류","과·채주스"
"복숭아넥타","과·채주스","음료류","과·채주스"
"블루베리주스","과·채주스","음료류","과·채주스"
"사과주스","과·채주스","음료류","과·채주스"
"살구넥타","과·채주스","음료류","과·채주스"
"석류주스","과·채주스","음료류","과·채주스"
"아로니아주스","과·채주스","음료류","과·채주스"
"애플망고주스","과·채주스","음료류","과·채주스"
"오렌지주스/가당","과·채주스","음료류","과·채주스"
"오미자주스","과·채주스","음료류","과·채주스"
"유자주스","과·채주스","음료류","과·채주스"
"자두주스","과·채주스","음료류","과·채주스"
"자몽주스","과·채주스","음료류","과·채주스"
"채소주스","과·채주스","음료류","과·채주스"
"청포도주스","과·채주스","음료류","과·채주스"
"키위주스","과·채주스","음료류","과·채주스"
"파인애플넥타","과·채주스","음료류","과·채주스"
"파인애플주스","과·채주스","음료류","과·채주스"
"한라봉주스","과·채주스","음료류","과·채주스"
"혼합베리주스","과·채주스","음료류","과·채주스"
"딸기스무디","농축음료","음료류","음료베이스"
"망고스무디","농축음료","음료류","음료베이스"
"오렌지스무디","농축음료","음료류","음료베이스"
"두유","두유","음료류","원액두유"
"두유/칼슘강화","두유","음료류","원액두유"
"검은참깨두유","두유","음료류","가공두유"
"검은콩두유","두유","음료류","가공두유"
"검은콩두유/칼슘강화","두유","음료류","가공두유"
"바나나두유","두유","음료류","가공두유"
"식혜","발효음료","음료류","기타발효음료"
"단호박식혜","발효음료","음료류","기타발효음료"
"레몬에이드/가루","분말차","음료류","고형차"
"복숭아아이스티/가루","분말차","음료류","고형차"
"코코아차","분말차","음료류","고형차"
"깔라만시에이드","액상음료","음료류","혼합음료"
"레몬에이드/액상","액상음료","음료류","혼합음료"
"사과에이드","액상음료","음료류","혼합음료"
"자몽에이드","액상음료","음료류","혼합음료"
"과일젤리음료","액상음료","음료류","혼합음료"
"과채음료","액상음료","음료류","혼합음료"
"쌀음료","액상음료","음료류","혼합음료"
"식초음료","액상음료","음료류","음료베이스"
"매실차","액상차","음료류","액상차"
"모과차","액상차","음료류","액상차"
"생강차","액상차","음료류","액상차"
"옥수수차","액상차","음료류","액상차"
"유자차","액상차","음료류","액상차"
"유산균음료","유산균음료","음료류","유산균음료"
"홍삼음료","인삼/홍삼음료","음료류","혼합음료"
"원두커피","인스턴트커피","음료류","해당없음"
"인스턴트커피/디카페인","인스턴트커피","음료류","해당없음"
"사이다","탄산음료","음료류","탄산음료"
"요구르트 소다","탄산음료","음료류","탄산음료"
"고추장","고추장","장류","고추장"
"보리고추장","고추장","장류","고추장"
"쌀고추장","고추장","장류","고추장"
"찹쌀고추장","고추장","장류","고추장"
"볶음고추장","고추장","장류","고추장"
"비빔냉면장","고추장","장류","고추장"
"국간장","국간장","장류","한식간장"
"된장","된장","장류","된장"
"일본된장","된장","장류","혼합장"
"청국장","된장","장류","기타장류"
"간장","진간장","장류","양조간장"
"간장/저염","진간장","장류","양조간장"
"춘장","춘장","장류","춘장"
"쌈장","혼합장","장류","혼합장"
"초고추장","혼합장","장류","혼합장"
"마요네즈","마요네즈","조미식품","마요네즈"
"쇠고기수프/가루","분말스프","조미식품","복합조미식품"
"양송이수프/가루","분말스프","조미식품","복합조미식품"
"크림수프/가루","분말스프","조미식품","복합조미식품"
"죽염","소금","조미식품","태움·용융소금"
"허브소금","소금","조미식품","정제소금"
"우동장국소스","소스/드레싱","조미식품","소스"
"불고기소스","소스/드레싱","조미식품","소스"
"갈릭소스","소스/드레싱","조미식품","소스"
"스테이크소스","소스/드레싱","조미식품","소스"
"겨자소스","소스/드레싱","조미식품","소스"
"고기소스","소스/드레싱","조미식품","소스"
"고추마늘소스","소스/드레싱","조미식품","소스"
"과일스테이크소스","소스/드레싱","조미식품","소스"
"굴소스","소스/드레싱","조미식품","소스"
"깐풍기소스","소스/드레싱","조미식품","소스"
"데리야끼소스","소스/드레싱","조미식품","소스"
"데미글라스소스","소스/드레싱","조미식품","소스"
"돈가스소스","소스/드레싱","조미식품","소스"
"돼지갈비소스","소스/드레싱","조미식품","소스"
"두반장소스","소스/드레싱","조미식품","소스"
"떡볶이소스","소스/드레싱","조미식품","소스"
"레몬소스","소스/드레싱","조미식품","소스"
"로제스파게티소스","소스/드레싱","조미식품","소스"
"마늘콩소스","소스/드레싱","조미식품","소스"
"마파두부소스","소스/드레싱","조미식품","소스"
"매운돼지갈비소스","소스/드레싱","조미식품","소스"
"머스터드드레싱","소스/드레싱","조미식품","소스"
"머스터드소스","소스/드레싱","조미식품","소스"
"미트스파게티소스","소스/드레싱","조미식품","소스"
"바비큐소스","소스/드레싱","조미식품","소스"
"발사믹소스","소스/드레싱","조미식품","소스"
"발사믹크림소스","소스/드레싱","조미식품","소스"
"불닭소스","소스/드레싱","조미식품","소스"
"브라운소스","소스/드레싱","조미식품","소스"
"사워크림소스","소스/드레싱","조미식품","소스"
"살사소스","소스/드레싱","조미식품","소스"
"소갈비양념","소스/드레싱","조미식품","소스"
"스리라차소스","소스/드레싱","조미식품","소스"
"스위트칠리소스","소스/드레싱","조미식품","소스"
"아이올리소스","소스/드레싱","조미식품","소스"
"간장찜닭소스","소스/드레싱","조미식품","소스"
"양념치킨소스","소스/드레싱","조미식품","소스"
"오리엔탈소스","소스/드레싱","조미식품","소스"
"우스터소스","소스/드레싱","조미식품","소스"
"잠발라야소스","소스/드레싱","조미식품","소스"
"제육볶음소스","소스/드레싱","조미식품","소스"
"중화매실소스","소스/드레싱","조미식품","소스"
"칠리소스","소스/드레싱","조미식품","소스"
"케찹탕수육소스","소스/드레싱","조미식품","소스"
"크림스파게티소스","소스/드레싱","조미식품","소스"
"타르타르소스","소스/드레싱","조미식품","소스"
"탄두리소스","소스/드레싱","조미식품","소스"
"토마토소스","소스/드레싱","조미식품","소스"
"핫소스","소스/드레싱","조미식품","소스"
"허니머스터드소스","소스/드레싱","조미식품","소스"
"홀그레인머스터드소스","소스/드레싱","조미식품","소스"
"홀스래디쉬소스","소스/드레싱","조미식품","소스"
"훈제향소스","소스/드레싱","조미식품","소스"
"레몬드레싱","소스/드레싱","조미식품","소스"
"망고드레싱","소스/드레싱","조미식품","소스"
"발사믹드레싱","소스/드레싱","조미식품","소스"
"사우전드아일랜드드레싱","소스/드레싱","조미식품","소스"
"스위트크림드레싱","소스/드레싱","조미식품","소스"
"시저드레싱","소스/드레싱","조미식품","소스"
"양파드레싱","소스/드레싱","조미식품","소스"
"오렌지샐러드드레싱","소스/드레싱","조미식품","소스"
"오리엔탈드레싱","소스/드레싱","조미식품","소스"
"요거트드레싱","소스/드레싱","조미식품","소스"
"이탈리안드레싱","소스/드레싱","조미식품","소스"
"자몽드레싱","소스/드레싱","조미식품","소스"
"참깨흑임자드레싱","소스/드레싱","조미식품","소스"
"케이준드레싱","소스/드레싱","조미식품","소스"
"콘샐러드드레싱","소스/드레싱","조미식품","소스"
"콜슬로드레싱","소스/드레싱","조미식품","소스"
"크림드레싱","소스/드레싱","조미식품","소스"
"키위드레싱","소스/드레싱","조미식품","소스"
"파인애플드레싱","소스/드레싱","조미식품","소스"
"허니머스터드드레싱","소스/드레싱","조미식품","소스"
"허니요거트드레싱","소스/드레싱","조미식품","소스"
"와사비/페이스트","소스/드레싱","조미식품","소스"
"과립형육수","소스/드레싱","조미식품","소스"
"냉면육수","소스/드레싱","조미식품","소스"
"멸치육수","소스/드레싱","조미식품","소스"
"북어육수","소스/드레싱","조미식품","소스"
"사골엑기스","소스/드레싱","조미식품","소스"
"사골육수/액상","소스/드레싱","조미식품","소스"
"소고기육수","소스/드레싱","조미식품","소스"
"어묵육수","소스/드레싱","조미식품","소스"
"맛술","소스/드레싱","조미식품","소스"
"카레소스","소스/드레싱","조미식품","카레(커리)"
"식초","식초","조미식품","발효식초"
"발사믹식초","식초","조미식품","발효식초"
"사과식초","식초","조미식품","발효식초"
"현미식초","식초","조미식품","발효식초"
"토마토케첩","토마토케첩","조미식품","토마토케첩"
"닭육수/가루","복합조미식품","조미식품","복합조미식품"
"라면수프","복합조미식품","조미식품","복합조미식품"
"사천자장소스","복합조미식품","조미식품","복합조미식품"
"쇠고기분말","복합조미식품","조미식품","복합조미식품"
"자장가루","복합조미식품","조미식품","복합조미식품"
"카레가루","복합조미식품","조미식품","복합조미식품"
"크림스파게티소스/가루","복합조미식품","조미식품","복합조미식품"
"혼합다시","복합조미식품","조미식품","복합조미식품"
"후리카케","복합조미식품","조미식품","복합조미식품"
"복합조미식품","복합조미식품","조미식품","복합조미식품"
"바질가루","천연향신료","조미식품","천연향신료"
"산초가루","천연향신료","조미식품","천연향신료"
"생강가루","천연향신료","조미식품","천연향신료"
"생강페이스트","천연향신료","조미식품","천연향신료"
"올스파이스","천연향신료","조미식품","천연향신료"
"정향","천연향신료","조미식품","천연향신료"
"검은후추","천연향신료","조미식품","천연향신료"
"흰후추","천연향신료","조미식품","천연향신료"
"매실청","과·채당절임","절임류 또는 조림류","당절임"
"유자청","과·채당절임","절임류 또는 조림류","당절임"
"무쌈","단무지/피클","절임류 또는 조림류","절임식품"
"채소피클","단무지/피클","절임류 또는 조림류","절임식품"
"무피클","단무지/피클","절임류 또는 조림류","절임식품"
"오이피클","단무지/피클","절임류 또는 조림류","절임식품"
"간장깻잎장아찌","장아찌","절임류 또는 조림류","절임식품"
"고추장아찌","장아찌","절임류 또는 조림류","절임식품"
"된장깻잎장아찌","장아찌","절임류 또는 조림류","절임식품"
"마늘장아찌","장아찌","절임류 또는 조림류","절임식품"
"마늘종장아찌","장아찌","절임류 또는 조림류","절임식품"
"명이나물절임","장아찌","절임류 또는 조림류","절임식품"
"무장아찌","장아찌","절임류 또는 조림류","절임식품"
"오이지","장아찌","절임류 또는 조림류","절임식품"
"울외장아찌","장아찌","절임류 또는 조림류","절임식품"
"갓김치","김치","절임류 또는 조림류","김치"
"고들빼기김치","김치","절임류 또는 조림류","김치"
"깍두기","김치","절임류 또는 조림류","김치"
"나박김치","김치","절임류 또는 조림류","김치"
"동치미","김치","절임류 또는 조림류","김치"
"배추김치","김치","절임류 또는 조림류","김치"
"무말랭이무침","김치","절임류 또는 조림류","김치"
"무생채","김치","절임류 또는 조림류","김치"
"백김치","김치","절임류 또는 조림류","김치"
"열무김치","김치","절임류 또는 조림류","김치"
"열무물김치","김치","절임류 또는 조림류","김치"
"오이소박이","김치","절임류 또는 조림류","김치"
"총각김치","김치","절임류 또는 조림류","김치"
"파김치","김치","절임류 또는 조림류","김치"
"청주","청주","주류","청주"
"꿀아몬드","견과류","농산가공식품류","땅콩 또는 견과류가공품"
"맛밤","견과류","농산가공식품류","땅콩 또는 견과류가공품"
"모둠견과","견과류","농산가공식품류","땅콩 또는 견과류가공품"
"백도통조림","과일가공품","농산가공식품류","과·채가공품"
"황도통조림","과일가공품","농산가공식품류","과·채가공품"
"파인애플통조림","과일가공품","농산가공식품류","과·채가공품"
"후르츠칵테일통조림","과일가공품","농산가공식품류","과·채가공품"
"녹두전/반죽","두류가공품","농산가공식품류","두류가공품"
"두부가스","두류가공품","농산가공식품류","두류가공품"
"콩고기","두류가공품","농산가공식품류","두류가공품"
"콩고기가스","두류가공품","농산가공식품류","두류가공품"
"콩고기너겟","두류가공품","농산가공식품류","두류가공품"
"부침가루","부침가루/튀김가루/믹스","농산가공식품류","곡류가공품"
"튀김가루","부침가루/튀김가루/믹스","농산가공식품류","곡류가공품"
"감자부침가루","부침가루/튀김가루/믹스","농산가공식품류","곡류가공품"
"녹두전/가루","부침가루/튀김가루/믹스","농산가공식품류","곡류가공품"
"치킨튀김가루","부침가루/튀김가루/믹스","농산가공식품류","곡류가공품"
"베이킹파우더","부침가루/튀김가루/믹스","농산가공식품류","곡류가공품"
"머핀/가루","부침가루/튀김가루/믹스","농산가공식품류","곡류가공품"
"초코쿠키/가루","부침가루/튀김가루/믹스","농산가공식품류","곡류가공품"
"핫케이크/가루","부침가루/튀김가루/믹스","농산가공식품류","곡류가공품"
"초코핫케이크/가루","부침가루/튀김가루/믹스","농산가공식품류","곡류가공품"
"빵가루/건식","빵가루","농산가공식품류","곡류가공품"
"크로켓","서류가공품","농산가공식품류","서류가공품"
"감자치즈크로켓","서류가공품","농산가공식품류","서류가공품"
"감자크로켓","서류가공품","농산가공식품류","서류가공품"
"고구마맛탕","서류가공품","농산가공식품류","서류가공품"
"고구마튀김","서류가공품","농산가공식품류","서류가공품"
"감자부각/완제품","서류가공품","농산가공식품류","기타 농산가공품"
"귀리시리얼","시리얼","농산가공식품류","해당없음"
"그래놀라시리얼","시리얼","농산가공식품류","해당없음"
"쌀시리얼","시리얼","농산가공식품류","해당없음"
"아몬드시리얼","시리얼","농산가공식품류","해당없음"
"옥수수시리얼","시리얼","농산가공식품류","해당없음"
"초코시리얼","시리얼","농산가공식품류","해당없음"
"코코넛시리얼","시리얼","농산가공식품류","해당없음"
"현미시리얼","시리얼","농산가공식품류","해당없음"
"채소튀김","채소가공품","농산가공식품류","과·채가공품"
"베이크드 빈스","채소가공품","농산가공식품류","과·채가공품"
"양파링","채소가공품","농산가공식품류","과·채가공품"
"옥수수통조림","채소가공품","농산가공식품류","과·채가공품"
"완두콩통조림","채소가공품","농산가공식품류","과·채가공품"
"죽순통조림","채소가공품","농산가공식품류","과·채가공품"
"토마토통조림","채소가공품","농산가공식품류","과·채가공품"
"토마토페이스트","채소가공품","농산가공식품류","과·채가공품"
"연근부각/완제품","채소가공품","농산가공식품류","기타 농산가공품"
"우엉부각/완제품","채소가공품","농산가공식품류","기타 농산가공품"
"보릿가루","기타 농산가공품","농산가공식품류","기타 농산가공품"
"메밀전병","기타 농산가공품","농산가공식품류","기타 농산가공품"
"김치메밀전병","기타 농산가공품","농산가공식품류","기타 농산가공품"
"김치전","기타 농산가공품","농산가공식품류","기타 농산가공품"
"부추전","기타 농산가공품","농산가공식품류","기타 농산가공품"
"파전","기타 농산가공품","농산가공식품류","기타 농산가공품"
"베이컨","베이컨","식육가공품 및 포장육","해당없음"
"베이컨칩","베이컨","식육가공품 및 포장육","해당없음"
"마늘소시지","소시지","식육가공품 및 포장육","소시지"
"모둠햄소시지","소시지","식육가공품 및 포장육","소시지"
"비엔나소시지","소시지","식육가공품 및 포장육","소시지"
"채소소시지","소시지","식육가공품 및 포장육","소시지"
"치즈소시지","소시지","식육가공품 및 포장육","소시지"
"프랑크소시지","소시지","식육가공품 및 포장육","소시지"
"김밥햄","햄","식육가공품 및 포장육","햄"
"돼지고기햄","햄","식육가공품 및 포장육","햄"
"마늘햄","햄","식육가공품 및 포장육","햄"
"스모그햄","햄","식육가공품 및 포장육","햄"
"슬라이스햄","햄","식육가공품 및 포장육","햄"
"쵸핑햄","햄","식육가공품 및 포장육","햄"
"통조림햄","햄","식육가공품 및 포장육","햄"
"훈제닭고기","햄","식육가공품 및 포장육","햄"
"훈제오리고기","햄","식육가공품 및 포장육","햄"
"육포","기타 식육가공품","식육가공품 및 포장육","해당없음"
"닭갈비","기타 식육가공품","식육가공품 및 포장육","양념육"
"닭꼬치/생것","기타 식육가공품","식육가공품 및 포장육","양념육"
"떡갈비/완제품","기타 식육가공품","식육가공품 및 포장육","양념육"
"고추순살치킨","기타 식육가공품","식육가공품 및 포장육","양념육"
"눈꽃치킨","기타 식육가공품","식육가공품 및 포장육","양념육"
"바비큐치킨","기타 식육가공품","식육가공품 및 포장육","양념육"
"닭날개튀김","기타 식육가공품","식육가공품 및 포장육","양념육"
"닭다리튀김","기타 식육가공품","식육가공품 및 포장육","양념육"
"찜닭","기타 식육가공품","식육가공품 및 포장육","양념육"
"바비큐폭립","기타 식육가공품","식육가공품 및 포장육","양념육"
"갈비산적","기타 식육가공품","식육가공품 및 포장육","분쇄가공육제품"
"고기말이","기타 식육가공품","식육가공품 및 포장육","분쇄가공육제품"
"깐풍기","기타 식육가공품","식육가공품 및 포장육","분쇄가공육제품"
"꿔바로우/칼슘강화","기타 식육가공품","식육가공품 및 포장육","분쇄가공육제품"
"동그랑땡","기타 식육가공품","식육가공품 및 포장육","분쇄가공육제품"
"두부동그랑땡","기타 식육가공품","식육가공품 및 포장육","분쇄가공육제품"
"닭고기완자","기타 식육가공품","식육가공품 및 포장육","분쇄가공육제품"
"고기완자","기타 식육가공품","식육가공품 및 포장육","분쇄가공육제품"
"치즈너겟","기타 식육가공품","식육가공품 및 포장육","분쇄가공육제품"
"치킨너겟","기타 식육가공품","식육가공품 및 포장육","분쇄가공육제품"
"돈가스","기타 식육가공품","식육가공품 및 포장육","분쇄가공육제품"
"돈가스/칼슘강화","기타 식육가공품","식육가공품 및 포장육","분쇄가공육제품"
"치즈돈가스","기타 식육가공품","식육가공품 및 포장육","분쇄가공육제품"
"치즈치킨가스","기타 식육가공품","식육가공품 및 포장육","분쇄가공육제품"
"치킨가스","기타 식육가공품","식육가공품 및 포장육","분쇄가공육제품"
"팝콘치킨","기타 식육가공품","식육가공품 및 포장육","분쇄가공육제품"
"탕수육","기타 식육가공품","식육가공품 및 포장육","분쇄가공육제품"
"탕수육/칼슘강화","기타 식육가공품","식육가공품 및 포장육","분쇄가공육제품"
"햄버거패티","기타 식육가공품","식육가공품 및 포장육","분쇄가공육제품"
"치킨패티","기타 식육가공품","식육가공품 및 포장육","분쇄가공육제품"
"치킨가라아게","기타 식육가공품","식육가공품 및 포장육","분쇄가공육제품"
"치킨텐더","기타 식육가공품","식육가공품 및 포장육","분쇄가공육제품"
"채소고기말이","기타 식육가공품","식육가공품 및 포장육","분쇄가공육제품"
"닭강정","기타 식육가공품","식육가공품 및 포장육","해당없음"
"오리불고기","양념육","식육가공품 및 포장육","양념육"
"달걀말이","달걀/메추리알","알가공품류","해당없음"
"달걀지단","달걀/메추리알","알가공품류","해당없음"
"스크램블에그","달걀/메추리알","알가공품류","해당없음"
"오믈렛","달걀/메추리알","알가공품류","해당없음"
"치즈오믈렛","달걀/메추리알","알가공품류","해당없음"
"피자오믈렛","달걀/메추리알","알가공품류","해당없음"
"검은콩우유","가공우유","유가공품류","가공유"
"딸기우유","가공우유","유가공품류","가공유"
"바나나우유","가공우유","유가공품류","가공유"
"시리얼우유","가공우유","유가공품류","가공유"
"우유/저지방","가공우유","유가공품류","가공유"
"초코우유","가공우유","유가공품류","가공유"
"커피우유","가공우유","유가공품류","가공유"
"우유/칼슘강화","강화우유","유가공품류","강화우유"
"그릭요거트","농후발효유","유가공품류","농후발효유"
"딸기호상요구르트","농후발효유","유가공품류","농후발효유"
"망고호상요구르트","농후발효유","유가공품류","농후발효유"
"복숭아호상요구르트","농후발효유","유가공품류","농후발효유"
"사과호상요구르트","농후발효유","유가공품류","농후발효유"
"블루베리호상요구르트","농후발효유","유가공품류","농후발효유"
"플레인호상요구르트/가당","농후발효유","유가공품류","농후발효유"
"플레인액상요구르트","발효유","유가공품류","발효유"
"복숭아액상요구르트","발효유","유가공품류","발효유"
"딸기액상요구르트","발효유","유가공품류","발효유"
"망고액상요구르트","발효유","유가공품류","발효유"
"블루베리액상요구르트","발효유","유가공품류","발효유"
"사과액상요구르트","발효유","유가공품류","발효유"
"산양유액상요구르트","발효유","유가공품류","발효유"
"포도액상요구르트","발효유","유가공품류","발효유"
"버터/가염","버터","유가공품류","버터"
"버터/무염","버터","유가공품류","버터"
"땅콩버터","버터","유가공품류","버터"
"연유","연유","유가공품류","가공연유"
"멸균유","우유(멸균)","유가공품류","우유"
"생크림","유크림","유가공품류","가공유크림"
"모짜렐라치즈","치즈","유가공품류","가공치즈"
"스트링치즈","치즈","유가공품류","가공치즈"
"슬라이스치즈","치즈","유가공품류","가공치즈"
"체다치즈","치즈","유가공품류","가공치즈"
"카테지치즈","치즈","유가공품류","가공치즈"
"크림치즈","치즈","유가공품류","가공치즈"
"파마산치즈","치즈","유가공품류","가공치즈"
"플레인호상요구르트/무가당","농후발효유","유가공품류","농후발효유"
"고등어구이","고등어","수산가공식품류","해당없음"
"골뱅이통조림","골뱅이","수산가공식품류","해당없음"
"꽁치통조림","꽁치","수산가공식품류","해당없음"
"어묵","어묵","수산가공식품류","어묵"
"어묵/칼슘강화","어묵","수산가공식품류","어묵"
"가마보꼬","어묵","수산가공식품류","어묵"
"게맛살","어묵","수산가공식품류","어묵"
"어두부전","어묵","수산가공식품류","어묵"
"오징어어묵","어묵","수산가공식품류","어묵"
"잡채어묵","어묵","수산가공식품류","어묵"
"어육소시지","어육가공품","수산가공식품류","어육소시지"
"감자말이새우튀김","어육가공품","수산가공식품류","해당없음"
"대구살튀김","어육가공품","수산가공식품류","해당없음"
"새우튀김","어육가공품","수산가공식품류","해당없음"
"오징어튀김","어육가공품","수산가공식품류","해당없음"
"왕새우튀김","어육가공품","수산가공식품류","해당없음"
"새우가스","어육가공품","수산가공식품류","해당없음"
"생선가스","어육가공품","수산가공식품류","해당없음"
"오징어가스","어육가공품","수산가공식품류","해당없음"
"클로렐라생선가스","어육가공품","수산가공식품류","해당없음"
"새우너겟","어육가공품","수산가공식품류","해당없음"
"새우완자","어육가공품","수산가공식품류","해당없음"
"해물완자","어육가공품","수산가공식품류","해당없음"
"새우동그랑땡","어육가공품","수산가공식품류","해당없음"
"해물동그랑땡","어육가공품","수산가공식품류","해당없음"
"해물전","어육가공품","수산가공식품류","해당없음"
"새우탕수육","어육가공품","수산가공식품류","해당없음"
"새우패티","어육가공품","수산가공식품류","해당없음"
"훈제연어","연어","수산가공식품류","해당없음"
"명엽채","조미건어포","수산가공식품류","기타 어육가공품"
"오징어실채","조미건어포","수산가공식품류","기타 어육가공품"
"진미채","조미건어포","수산가공식품류","기타 어육가공품"
"고추참치통조림","참치","수산가공식품류","해당없음"
"참치통조림","참치","수산가공식품류","해당없음"
"김/무염","기타 수산가공품","수산가공식품류","해당없음"
"김/조미","기타 수산가공품","수산가공식품류","해당없음"
"김부각/완제품","기타 수산가공품","수산가공식품류","해당없음"
"다시마부각/완제품","기타 수산가공품","수산가공식품류","해당없음"
"다시마튀각","기타 수산가공품","수산가공식품류","해당없음"
"김자반/조미","기타 수산가공품","수산가공식품류","해당없음"
"파래자반","기타 수산가공품","수산가공식품류","해당없음"
"새우가루","기타 수산가공품","수산가공식품류","해당없음"
"낙지젓","젓갈/액젓","수산가공식품류","젓갈"
"까나리액젓","젓갈/액젓","수산가공식품류","액젓"
"멸치액젓","젓갈/액젓","수산가공식품류","액젓"
"새우젓","젓갈/액젓","수산가공식품류","액젓"
"감자튀김","감자튀김","즉석식품류","즉석조리식품"
"매쉬드포테이토","감자튀김","즉석식품류","즉석조리식품"
"해시브라운","감자튀김","즉석식품류","즉석조리식품"
"콩국","국/탕류","즉석식품류","즉석섭취식품"
"닭개장","국/탕류","즉석식품류","즉석조리식품"
"삼계탕","국/탕류","즉석식품류","즉석조리식품"
"갈비만두","만두","즉석식품류","만두"
"감자만두","만두","즉석식품류","만두"
"고기만두","만두","즉석식품류","만두"
"김치만두","만두","즉석식품류","만두"
"납작만두","만두","즉석식품류","만두"
"물만두","만두","즉석식품류","만두"
"버섯만두","만두","즉석식품류","만두"
"부추만두","만두","즉석식품류","만두"
"새알만두","만두","즉석식품류","만두"
"새우만두","만두","즉석식품류","만두"
"오징어만두","만두","즉석식품류","만두"
"왕만두","만두","즉석식품류","만두"
"잡채만두","만두","즉석식품류","만두"
"채소만두","만두","즉석식품류","만두"
"해물만두","만두","즉석식품류","만두"
"군만두","만두","즉석식품류","만두"
"김치군만두","만두","즉석식품류","만두"
"새우군만두","만두","즉석식품류","만두"
"피자군만두","만두","즉석식품류","만두"
"해물군만두","만두","즉석식품류","만두"
"춘권","만두","즉석식품류","만두"
"딤섬","만두","즉석식품류","만두"
"새우딤섬","만두","즉석식품류","만두"
"만두피","만두피","즉석식품류","만두피"
"돼지고기장조림","반찬","즉석식품류","즉석섭취식품"
"쇠고기장조림","반찬","즉석식품류","즉석섭취식품"
"우엉조림","반찬","즉석식품류","즉석섭취식품"
"볶음밥","밥류","즉석식품류","즉석조리식품"
"김치볶음밥","밥류","즉석식품류","즉석조리식품"
"해물볶음밥","밥류","즉석식품류","즉석조리식품"
"치즈버거","버거","즉석식품류","즉석섭취식품"
"햄버거","버거","즉석식품류","즉석섭취식품"
"에그샌드위치","샌드위치","즉석식품류","즉석섭취식품"
"치킨샌드위치","샌드위치","즉석식품류","즉석섭취식품"
"쇠고기샌드위치","샌드위치","즉석식품류","즉석섭취식품"
"참치샌드위치","샌드위치","즉석식품류","즉석섭취식품"
"햄치즈샌드위치","샌드위치","즉석식품류","즉석섭취식품"
"감자샐러드","샐러드","즉석식품류","신선편의식품"
"고구마샐러드","샐러드","즉석식품류","신선편의식품"
"단호박샐러드","샐러드","즉석식품류","신선편의식품"
"코울슬로우","샐러드","즉석식품류","신선편의식품"
"누드순대","순대","즉석식품류","즉석조리식품"
"순대","순대","즉석식품류","즉석조리식품"
"찰순대","순대","즉석식품류","즉석조리식품"
"감자수프","스프","즉석식품류","즉석조리식품"
"브로콜리수프","스프","즉석식품류","즉석조리식품"
"옥수수수프","스프","즉석식품류","즉석조리식품"
"크림수프/액상","스프","즉석식품류","즉석조리식품"
"주먹밥","주먹밥/초밥","즉석식품류","즉석섭취식품"
"참치김치삼각김밥","주먹밥/초밥","즉석식품류","즉석섭취식품"
"전복죽","죽","즉석식품류","즉석조리식품"
"고추잡채김말이","튀김","즉석식품류","즉석조리식품"
"김말이튀김","튀김","즉석식품류","즉석조리식품"
"치즈스틱","튀김","즉석식품류","즉석조리식품"
"고구마햄버그스테이크","함박스테이크/미트볼","즉석식품류","즉석조리식품"
"두부스테이크","함박스테이크/미트볼","즉석식품류","즉석조리식품"
"햄버그스테이크","함박스테이크/미트볼","즉석식품류","즉석조리식품"
"연어스테이크","함박스테이크/미트볼","즉석식품류","즉석조리식품"
"오리스테이크","함박스테이크/미트볼","즉석식품류","즉석조리식품"
"찹스테이크","함박스테이크/미트볼","즉석식품류","즉석조리식품"
"치즈햄버그스테이크","함박스테이크/미트볼","즉석식품류","즉석조리식품"
"미트볼","함박스테이크/미트볼","즉석식품류","즉석조리식품"
"두부미트볼","함박스테이크/미트볼","즉석식품류","즉석조리식품"
"콩고기미트볼","함박스테이크/미트볼","즉석식품류","즉석조리식품"
